{"min_diff": -199.99781799316406, "max_diff": -100.00042724609375, "vmin": -199.99781799316406, "vmax": -100.00042724609375, "width": 100, "height": 100, "pixel_area_m2": 1e-06}